Species,Latitude,Longitude,Bat_Presence,Max_Temp_C,Precipitation_mm,Population_Density,Tree_Cover_Pct,Risk_Percentage
Pteropus poliocephalus,-33.8739883333,151.2115466667,1,23.291666666666668,91.33333333333333,47.678165435791016,4,41.51
Pteropus alecto,-26.3996909945,153.0882840479,1,26.36666666666667,78.41666666666667,6.09313440322876,29,28.07
Pteropus poliocephalus,-27.6027972173,153.1492359112,1,25.74166666666667,65.66666666666667,4.6967692375183105,61,8.64
Pteropus poliocephalus,-31.051390291,153.0440114696,1,24.808333333333337,81.16666666666667,0.21780376136302948,26,25.96
Pteropus medius,8.4581041856,80.0518305972,1,31.650000000000002,140.66666666666666,0.015829959884285927,88,9.08
Pteropus medius,28.5106625,77.401621,1,31.36666666666667,58.833333333333336,15.62060260772705,0,71.25
Pteropus medius,13.0210835254,77.5702160317,1,30.65833333333333,54.916666666666664,95.2796401977539,5,65.02
Pteropus medius,12.3926932048,76.7721766819,1,31.05,54.083333333333336,8.668926239013672,0,69.87
Pteropus medius,9.99378,76.357895,1,32.18333333333333,259.6666666666667,20.67453384399414,2,83.5
Pteropus poliocephalus,-35.3602813485,149.0931137696,1,20.333333333333336,56.583333333333336,9.108878135681152,1,31.05
Pteropus alecto,-13.1647805,130.6837916667,1,33.575,126.0,0.000483896117657423,22,64.02
Pteropus poliocephalus,-33.7557,151.1109,1,23.46666666666667,79.58333333333333,11.202266693115234,46,11.4
Pteropus poliocephalus,-30.6584027778,152.9244833333,1,25.166666666666668,75.75,0.24834862351417542,18,33.35
Pteropus poliocephalus,-34.9158615796,138.6079068806,1,21.84166666666667,41.833333333333336,6.740520000457764,17,22.07
Pteropus poliocephalus,-33.8389686,151.0662499997,1,23.8,72.08333333333333,0.04394152760505676,12,33.86
Pteropus conspicillatus,-16.7904033333,145.6926583333,1,29.275000000000002,407.4166666666667,16.941757202148438,8,80.78
Pteropus poliocephalus,-37.7962981201,145.0182388676,1,20.891666666666666,57.833333333333336,4.2584333419799805,28,14.29
Pteropus alecto,-19.2551633333,146.6174466667,1,29.508333333333333,108.25,0.031001536175608635,6,63.35
Pteropus scapulatus,-18.23752,145.991195,1,29.425,140.25,0.015321033075451851,51,23.89
Pteropus poliocephalus,-31.4961583333,152.8367916667,1,24.166666666666668,78.75,0.01362835243344307,44,13.33
Pteropus poliocephalus,-34.0431008801,151.1128386943,1,23.1,88.66666666666667,16.246183395385742,7,37.45
Pteropus poliocephalus,-21.1688678079,148.5007494081,1,25.66666666666667,108.5,0.060149602591991425,74,6.02
Pteropus medius,7.2989911375,80.6470513344,1,30.200000000000003,255.16666666666666,15.930227279663086,55,30.72
Pteropus medius,7.2760676997,80.5936834997,1,29.75,270.5,17.627647399902344,51,33.88
Pteropus medius,7.2756584997,80.593967,1,29.75,270.5,17.627647399902344,51,33.88
Pteropus poliocephalus,-37.7571194444,145.0101861111,1,20.691666666666666,59.583333333333336,25.48746681213379,1,32.58
Pteropus poliocephalus,-36.75613,144.281555,1,20.900000000000002,46.333333333333336,6.703695297241211,6,27.93
Pteropus poliocephalus,-35.28928,149.1320028333,1,20.408333333333335,50.583333333333336,0.2654823362827301,3,29.11
Pteropus poliocephalus,-36.7620736315,144.2921942845,1,20.658333333333335,48.166666666666664,11.253149032592773,5,28.17
Pteropus poliocephalus,-31.2407722997,152.6630581,1,24.641666666666666,79.75,0.0014351331628859043,6,43.1
Pteropus medius,9.6027896822,77.1692742675,1,26.275000000000002,197.0,6.934091091156006,42,25.36
Pteropus poliocephalus,-31.9592583333,152.5468777778,1,24.450000000000003,67.91666666666667,0.5061458349227905,79,3.68
Pteropus poliocephalus,-33.8723983611,151.2253570556,1,23.291666666666668,91.33333333333333,135.3716278076172,1,45.32
Pteropus medius,22.6264151924,75.7909676244,1,31.683333333333334,120.25,90.28738403320312,0,76.66
Pteropus alecto,-23.9398116667,151.3530283333,1,27.900000000000002,85.58333333333333,8.709612846374512,5,56.8
Pteropus conspicillatus,-5.2364179379,145.7909240085,1,30.61666666666667,230.66666666666666,4.817273139953613,7,74.71
Pteropus poliocephalus,-31.7332122365,152.3604201525,1,24.258333333333336,74.91666666666667,0.004826551303267479,28,22.59
Pteropus poliocephalus,-32.9003240009,144.300706458,1,26.675,21.75,0.6416002511978149,0,51.85
Pteropus poliocephalus,-34.4313071256,150.8664350957,1,23.258333333333336,100.25,13.685789108276367,1,44.73
Pteropus poliocephalus,-34.9154472222,138.6077111111,1,21.84166666666667,41.833333333333336,6.740520000457764,17,22.07
Pteropus poliocephalus,-34.91545,138.6077111111,1,21.84166666666667,41.833333333333336,6.740520000457764,17,22.07
Pteropus poliocephalus,-34.9155722222,138.6078333333,1,21.84166666666667,41.833333333333336,6.740520000457764,17,22.07
Pteropus poliocephalus,-28.61716315,153.0020299039,1,25.94166666666667,78.5,7.944314479827881,5,48.9
Pteropus alecto,-27.3806496511,153.0360287241,1,26.21666666666667,62.833333333333336,5.829965591430664,4,49.61
Pteropus poliocephalus,-28.6156602399,153.0035707899,1,25.94166666666667,78.5,7.944314479827881,5,48.9
Pteropus poliocephalus,-28.6173651266,153.0019568947,1,25.94166666666667,78.5,7.944314479827881,5,48.9
Pteropus poliocephalus,-33.78953,151.262025,1,23.25,93.83333333333333,31.227903366088867,17,29.58
Pteropus poliocephalus,-33.7840195885,150.6688262803,1,24.225,60.0,22.109481811523438,0,46.07
Pteropus conspicillatus,-16.1396222222,145.4393,1,28.725,359.75,0.00950633268803358,93,9.87
Pteropus conspicillatus,-16.138825,145.4395305556,1,28.725,359.75,0.00950633268803358,93,9.87
Pteropus seychellensis comorensis,-12.8760585204,45.1720325276,1,29.21666666666667,70.5,1.0772279500961304,85,5.83
Pteropus medius,27.1596085,77.5218127,1,31.875,60.333333333333336,2.224687099456787,2,71.16
Pteropus scapulatus,-24.3261666727,151.5593518081,1,27.608333333333334,91.75,1.3549554347991943,4,57.14
Pteropus alecto,-27.2312516551,153.0988514051,1,25.933333333333334,60.5,18.390275955200195,3,49.48
Pteropus poliocephalus,-33.7558606997,151.1108549997,1,23.46666666666667,79.58333333333333,11.202266693115234,46,11.4
Pteropus scapulatus,-31.4354882038,152.9080116615,1,24.09166666666667,80.25,4.95883846282959,1,46.09
Pteropus poliocephalus,-26.8389890661,152.6354759932,1,25.55,69.58333333333333,0.00899424683302641,49,13.06
Pteropus alecto,-27.0852528333,152.3827366667,1,27.0,56.25,0.14923512935638428,0,55.91
Pteropus conspicillatus,-15.9306191232,145.348456496,1,29.175,201.5,0.03766312822699547,70,14.78
Pteropus poliocephalus,-33.7784715366,150.8419176936,1,24.075000000000003,61.166666666666664,22.110939025878906,0,45.61
Pteropus poliocephalus,-33.898715961,151.2369148806,1,23.308333333333337,93.41666666666667,0.033026814460754395,7,38.41
Pteropus scapulatus,-16.8651116667,133.5006866667,1,34.01666666666667,57.75,2.836038220266346e-06,0,78.5
Pteropus medius,23.7436960408,90.3786987439,1,31.3,145.91666666666666,645.4756469726562,3,78.91
Pteropus melanotus natalis,-10.486445,105.67897,1,26.65833333333333,128.75,0.00019164220429956913,0,60.54
Pteropus poliocephalus,-30.6423737,153.0027894,1,25.325000000000003,78.25,4.83678674697876,6,45.55
Pteropus medius,13.0468831997,80.2543808,1,34.625,136.66666666666666,241.00582885742188,1,84.63
Pteropus,-33.7558422963,151.1107347161,1,23.46666666666667,79.58333333333333,11.202266693115234,46,11.4
Pteropus poliocephalus,-27.5384783333,153.0522916667,1,26.16666666666667,61.416666666666664,6.9431562423706055,49,13.85
Pteropus conspicillatus,-16.1802997157,145.4090600054,1,28.31666666666667,355.5,0.02519102208316326,91,9.91
Pteropus medius,13.1263583333,74.9933566667,1,31.49166666666667,324.5833333333333,3.144326686859131,15,76.98
Pteropus medius,25.6199205,76.044993,1,32.46666666666667,56.833333333333336,2.7311198711395264,0,74.28
Pteropus poliocephalus,-34.9163748083,138.6071047467,1,21.84166666666667,41.833333333333336,6.740520000457764,17,22.07
Pteropus poliocephalus,-34.9163327352,138.6075209294,1,21.84166666666667,41.833333333333336,6.740520000457764,17,22.07
Pteropus poliocephalus,-34.916335456,138.607495523,1,21.84166666666667,41.833333333333336,6.740520000457764,17,22.07
Pteropus poliocephalus,-31.5815436682,152.8366745516,1,24.266666666666666,79.16666666666667,9.784592628479004,11,37.0
Pteropus medius,18.4583610453,73.8544032723,1,31.16666666666667,79.58333333333333,106.72370147705078,0,72.77
Pteropus medius,25.6199102606,76.044992879,1,32.46666666666667,56.833333333333336,2.7311198711395264,0,74.28
Pteropus poliocephalus,-34.916305,138.6074833333,1,21.84166666666667,41.833333333333336,6.740520000457764,17,22.07
Pteropus poliocephalus,-35.2397434,149.0910749,1,20.458333333333336,52.0,4.351983070373535,4,28.57
